Category,Product_name,Price,Packsize,Rating,Original_price,Discount
Fresh fruit and vegetables,Bel Patra,28,25 g,3.9,37,9
Fresh fruit and vegetables,Dhatura,30,1 pc,4,37,7
Fresh fruit and vegetables,Coriander leaves,6,100 g,4.5,6,0
Fresh fruit and vegetables,Banana Robusta,40,4 pcs,4.2,45,5
Fresh fruit and vegetables,Residue Free Indian Cucumber,59,500 g,4.4,59,0
Fresh fruit and vegetables,Residue Free Coriander,20,100 g,4.6,25,5
Fresh fruit and vegetables,Snacky Avocado,79,1 piece,4.2,80,1
Fresh fruit and vegetables,Banana Elaichi / Yelakki,95,500 g,4.4,108,13
Fresh fruit and vegetables,Tomato Local,33,500 g,4.3,33,0
Fresh fruit and vegetables,"Spinach - Cleaned, without roots",20,250 g,4.4,20,0
Fresh fruit and vegetables,Beans Haricot,32,250 g,4.6,32,0
Fresh fruit and vegetables,"Curry Leaves - Cleaned, without roots",10,50 g,4.6,10,0
Fresh fruit and vegetables,Capsicum Green,30,2 pcs,4.3,30,0
Fresh fruit and vegetables,Cauliflower,25,300 g,4,37,12
Fresh fruit and vegetables,Lady Finger,35,500 g,4.2,35,0
Fresh fruit and vegetables,Mosambi,40,500 g,4,50,10
Fresh fruit and vegetables,Guava Thai,35,1 pc,4.2,42,7
Fresh fruit and vegetables,Grapes Bangalore Blue,69,500 g,4,78,9
Fresh fruit and vegetables,Garlic,33,200 g,4.4,41,8
Fresh fruit and vegetables,Carrot Local,29,250 g,4,29,0
Fresh fruit and vegetables,Gooseberry (Amla),50,250 g,4.3,53,3
Fresh fruit and vegetables,Coccinia,15,250 g,4.3,15,0
Fresh fruit and vegetables,Tomato Hybrid,32,500 g,4.3,32,0
Fresh fruit and vegetables,Rambutan,127,250 g,4.6,127,0
Fresh fruit and vegetables,Muskmelon,43,600 - 800 g,4.4,72,29
Fresh fruit and vegetables,Gourmet Garden Organic Coriander,22,100 g,4.6,27,5
Fresh fruit and vegetables,Beetroot,26,500 g,4.4,29,3
Fresh fruit and vegetables,Lettuce Iceberg,29,250 g,3.9,32,3
Fresh fruit and vegetables,Garlic,29,100 g,4.2,35,6
Fresh fruit and vegetables,Apple Red Delicious,207,4 Pc (500 - 540 g),4.3,220,13
Fresh fruit and vegetables,Banana Nendran,75,500 g,3.9,88,13
Fresh fruit and vegetables,Residue Free Mint Leaves,21,100 g,4.8,25,4
Fresh fruit and vegetables,Bottle Gourd,55,1 pc,4.3,55,0
Fresh fruit and vegetables,Bhoomi Farms Organic Cucumber,32,1 Pack / 480 - 530 gm,4.4,42,10
Fresh fruit and vegetables,Chilli Bajji,21,250 g,4.5,26,5
Fresh fruit and vegetables,Cucumber English,33,500 g,4.4,33,0
Fresh fruit and vegetables,Capsicum Mixed,114,3 Pc (450 - 550 g),4.2,135,21
Fresh fruit and vegetables,Malabar Spinach,26,250 g,4.4,32,6
Fresh fruit and vegetables,Mango Neelam,122,1 kg,4.5,131,9
Fresh fruit and vegetables,Amaranthus Green,25,250 g,4.5,25,0
Fresh fruit and vegetables,Dragon Fruit Imported,107,1 pc,4.4,107,0
Fresh fruit and vegetables,Tomato Local,21,250 g,4.1,26,5
Fresh fruit and vegetables,Ridge Gourd,32,2 Pcs,4,39,7
Fresh fruit and vegetables,Organic Bitter Gourd,250,250 g,4.7,250,0
Fresh fruit and vegetables,Bitter Gourd,30,500 g,4.1,30,0
Fresh fruit and vegetables,Banana Elaichi / Yelakki,44,3 Pcs,4.4,55,11
Fresh fruit and vegetables,Orange Imported,54,2 pcs,4.3,54,0
Fresh fruit and vegetables,Sweet Potato,37,500 g,3.9,38,1
Fresh fruit and vegetables,Brinjal Bharta 2pc,35,2 piece,4.3,42,7
Fresh fruit and vegetables,Plum Indian (Aloo Bukhara),69,500 g,4.1,69,0
Fresh fruit and vegetables,Radish White,21,500 g,4.2,24,3
Fresh fruit and vegetables,Beans French,35,250 g,4.3,38,3
Fresh fruit and vegetables,Banana Robusta,24,2 Pc (250 - 400 gm),4.2,28,4
Fresh fruit and vegetables,Radish White,14,250 g,4,17,3
Fresh fruit and vegetables,Ice Apple,120,200 g,4,150,30
Fresh fruit and vegetables,Drumsticks,61,4 Pc (180 - 220 g),4.2,76,15
Fresh fruit and vegetables,Cucumber Malabar,70,1 pc (400 - 800 g),4,87,17
Fresh fruit and vegetables,Tender Coconut Orange(King Coconut),109,1 pc,4,137,28
Fresh fruit and vegetables,Broad Beans,25,250 g,4.4,32,7
Fresh fruit and vegetables,Fig,74,250 g,4,93,19
Fresh fruit and vegetables,Fresh Dates Yellow,55,250 g,4.2,85,30
Fresh fruit and vegetables,Knol Khol,17,500 g,4.3,22,5
Fresh fruit and vegetables,Papaya Raw,33,1 pc (350 - 550 g),4.1,33,0
Fresh fruit and vegetables,Cucumber English,17,2 Pc (200 - 300 gm),4.3,18,1
Atta rice oil and daal,Jivo Pomace Olive Oil,2507,1 pc (5 L),5,4999,2492
Atta rice oil and daal,Bhagyalakshmi Ragi Flour,81,1 pack (1 kg),4.6,85,4
Atta rice oil and daal,India Gate Gold Standard Classic Basmati Rice | 2 Years Aged | Extra Long Grains,1121,1 pack (5 kg),4.7,1255,134
Atta rice oil and daal,Aashirvaad Organic Arhar/Tur Dal | 100% Organic Arhar/Tur Dal Rich in Protein,241,1 pack (1 kg),4.5,385,144
Atta rice oil and daal,Anveshan A2 Desi Cow Ghee,929,1 pc (500 ml),4.3,1110,181
Atta rice oil and daal,Floryo 100% Whole Mp Sharbati Wheat Atta,318,1 pack (5 kg),4.7,419,101
Atta rice oil and daal,Vijay Ragi Flour,85,1 pack (1 kg),4.6,85,0
Atta rice oil and daal,Jivo Extra Light Olive Oil,1488,1 pc (1 L),4.9,1499,11
Atta rice oil and daal,Daawat Sona Masuri | Raw,1997,1 pack (26 kg),4,2250,253
Atta rice oil and daal,Bhagyalakshmi Chakki Atta,447,1 pack (10 kg),4.5,550,103
Atta rice oil and daal,Sid's Farm Cow Ghee,321,1 pc (350 g),4.6,600,279
Atta rice oil and daal,Bhagyalakshmi Suji,31,1 pack (500 g),4.5,38,7
Atta rice oil and daal,Tata Sampann Unpolished Moong Dal,174,1 pack (1 kg),4.8,200,26
Atta rice oil and daal,Daawat Sona Masoori,80,1 pack (1 kg),4.3,95,15
Atta rice oil and daal,Anveshan Wood Pressed Groundnut/Peanut Oil,1499,1 pc (5 L),5,2000,501
Atta rice oil and daal,Praakritik A2 Bilona Gir Cow Ghee,1120,1 pc (500 ml),5,1499,379
Atta rice oil and daal,Vijay Rice Flour,66,1 pack (1 kg),4.7,66,0
Atta rice oil and daal,Aashirvaad Multigrain Atta | 3 Rotis Fulfils 35% Daily Fibre,626,1 pack (10 kg),4.7,788,162
Atta rice oil and daal,India Gate Gold Standard Classic Basmati Rice | 2 Years Aged | Extra Long Grains,232,1 pack (1 kg),4.8,252,20
Atta rice oil and daal,Jivo Daily Pomace Olive Oil,952,1 pc (2 L),5,1449,497
Atta rice oil and daal,Organic Tattva Wheat Flour | Chakki Atta,327,1 pack (5 kg),4.3,449,122
Atta rice oil and daal,Bhagyalakshmi Rice Flour,34,1 pack (500 g),4.7,34,0
Atta rice oil and daal,"Aashirvaad Pure Cow Ghee, PET Jar, Rich Aroma",173,1 pc (200 ml),4.9,185,12
Atta rice oil and daal,India Gate Weight Watchers Special Brown Rice,144,1 pack (1 kg),4.5,152,8
Atta rice oil and daal,Dehaat Honest Farms Raw Peanuts,98,1 pack (500 g),4.5,148,50
Atta rice oil and daal,Double Horse Puttupodi White,109,1 pack (1 kg),4.7,120,11
Atta rice oil and daal,"Aashirvaad Atta - Superior MP Whole Wheat, No Maida | Pouch",520,1 pack (10 kg),4.7,638,118
Atta rice oil and daal,Anveshan A2 Desi Cow Ghee,259,1 pc (150 ml),4.5,300,41
Atta rice oil and daal,Sid's Farm Cow Ghee,599,1 pack (750 ml),5,1050,451
Atta rice oil and daal,Fortune Chakki Fresh Atta,473,1 pack (10 kg),4.6,628,155
Atta rice oil and daal,Tata Simply Better Pure and Unrefined Cold Pressed Groundnut | Peanut Oil,1399,1 pc (5 L),4.5,1900,501
Atta rice oil and daal,Fortune Suji,39,1 pack (500 g),4.7,39,0
Atta rice oil and daal,Popular Essentials Corn Flour,55,1 pack (500 g),4.9,60,5
Atta rice oil and daal,Tata Simply Better Cold Pressed Virgin Coconut Oil,717,1 pc (1 L),4.8,999,282
Atta rice oil and daal,"Aashirvaad Organic 100% Organic Whole Wheat Atta, 0% Maida",377,1 pack (5 kg),4.7,411,34
Atta rice oil and daal,Vijay Gold Jowar Flour,42,1 pack (500 g),4.7,42,0
Atta rice oil and daal,"Aashirvaad Organic Pure Cow Ghee, Certified Organic",638,1 pc (500 ml),4.6,750,112
Atta rice oil and daal,Daawat Premium Sona Masuri Rice | Medium Grain,386,1 pack (5 kg),4.4,470,84
Atta rice oil and daal,Jivo Cold Press Sunflower Cooking Oil,178,1 pc (1 L),4.5,275,97
Atta rice oil and daal,Tata Simply Better Cold Pressed Sesame-Gingelly-Til Oil,479,1 pc (1 L),4.8,649,170
Atta rice oil and daal,Anveshan A2 Gir Cow Ghee,338,1 pc (150 ml),4.4,370,32
Atta rice oil and daal,Tata Sampann Unpolished Toor Dal-Arhar Dal,172,1 pack (1 kg),4.7,224,52
Atta rice oil and daal,Weikfield Corn Starch,92,1 pack (500 g),4.8,95,3
Atta rice oil and daal,Bhagyalakshmi Roasted Sooji,40,1 pack (500 g),4.6,40,0
Atta rice oil and daal,Aashirvaad Select Atta | Made from 100% MP Sharbati Wheat for Softer Rotis,678,1 pack (10 kg),4.7,779,101
Atta rice oil and daal,Tata Simply Better Cold Pressed Mustard-Kachi Ghani Sarson Oil,234,1 pc (1 L),4.6,350,116
Atta rice oil and daal,Tata Sampann Fine Besan,63,1 pack (500 g),4.7,75,12
Atta rice oil and daal,Aashirvaad Svasti Pure Cow Ghee - Pet Pack,420,1 pc (500 ml),5,463,43
Atta rice oil and daal,Two Brothers Khapli | Emmer Long Wheat Atta Stoneground,455,1 pack (2 kg),4.2,499,44
Atta rice oil and daal,Tata Simply Better Extra Virgin Olive Oil,396,1 pc (250 ml),4.7,549,153
Atta rice oil and daal,Double Horse Appam/Idiyappam/Pathiri Rice Flour,99,1 pack (1 kg),4.8,109,10
Atta rice oil and daal,Tata Sampann Unpolished Green Moong,87,1 pack (500 g),4.7,93,6
Atta rice oil and daal,Barosi Cow Ghee,930,1 pc (1 L),4.3,1059,129
Atta rice oil and daal,Daily Good Maida - Refined Wheat Flour,34,1 pack (500 g),4.6,50,16
Atta rice oil and daal,Aashirvaad Select Atta | Made from 100% MP Sharbati Wheat for Softer Rotis,332,1 pack (5 kg),4.7,401,69
Atta rice oil and daal,Aashirvaad 90% Lower Cholesterol Cow Ghee,449,1 pack (500 ml),5,550,101
Atta rice oil and daal,Tata Sampann Kala Chana,138,1 pack (1 kg),4.7,149,11
Atta rice oil and daal,Indic Wisdom Wood Pressed Virgin Coconut Oil | Cold Pressed - Extracted on Wooden Churner,598,1 pc (1 L),4.5,780,182
Atta rice oil and daal,Aashirvaad Superior MP Atta,110,1 pack (2 kg),4.7,110,0
Atta rice oil and daal,India Gate Sona Masoori Rice,811,1 pack (10 kg),4.6,870,59
Atta rice oil and daal,Tata Sampann Organic Moong Dal,122,1 pack (500 g),4.7,140,18
Atta rice oil and daal,Rosier FOODs Stoneground Organic Khapli Wheat Atta,356,1 pack (2 kg),4.3,499,143
Atta rice oil and daal,Sid's Farm Buffalo Ghee,529,1 pack (750 ml),4.5,900,371
Atta rice oil and daal,Jivo Cold Press Canola Oil Combo | Bottle,494,1 pack (2 pcs),4.8,750,256
Masala dry fruits,KILRR Gangs of Awadh Chicken Masala,70,19 g,4.3,70,0
Masala dry fruits,Farmley Watermelon Seeds | Raw Magaj Seeds I Tarbuj Beej | Rich In Protein,447,500 g,4.7,999,552
Masala dry fruits,"Farmley Mix Dried Berries- Cranberries, Blueberries, Strawberries, Black Raisins, Peach & More",345,200 g,4.6,349,4
Masala dry fruits,Organic India Jaggery Powder,99,500 g,4.6,110,11
Masala dry fruits,Open Secret Premium Walnut Kernels (Akhrot),1250,500 g,4.5,1250,0
Masala dry fruits,"Aashirvaad Chilli Powder, Red Hot Chilli Powder with No Added Flavours and Colours",215,500 g,4.6,250,35
Masala dry fruits,Tata Sampann Coriander Powder With Natural Oils Dhania Powder,178,500 g,4.9,205,27
Masala dry fruits,Khari Foods Prunes Dried,328,200 g,4.6,399,71
Masala dry fruits,Happilo 100% Natural Popular Whole Cashews,1611,800 g,4.2,1890,279
Masala dry fruits,Tata Sampann Premium Anjeer (Dried Figs)Rich In Calcium & Fibre,419,200 g,4.7,435,16
Masala dry fruits,Conscious Food Raw Sugar Natural Unprocessed,155,1 kg,4.8,175,20
Masala dry fruits,Tata Sampann Turmeric Powder With Natural Oils Haldi Powder,86,200 g,4.8,95,9
Masala dry fruits,Aashirvaad Black Pepper | Pure Kali Mirch,177,100 g,4.9,200,23
Masala dry fruits,Nutraj Anjeer/Fig,415,250 g,4.1,499,84
Masala dry fruits,Farmley Premium Dried Figs (Anjeer),409,200 g,4.5,499,90
Masala dry fruits,Tata Sampann Whole Spices Fennel Whole,147,200 g,4.5,165,18
Masala dry fruits,Farmley Premium Natural Chia Seeds Rich in Protein & Fiber,118,200 g,4.7,199,81
Masala dry fruits,ZOFF Cassia Bark - Dalchini Sticks,36,50 g,4.6,39,3
Masala dry fruits,Happilo Premium International Omani Dates,142,250 g,4.2,220,78
Masala dry fruits,Tata Sampann Garam Masala Powder with Natural Oils Rich Aroma & Flavour,100,100 g,4.8,105,5
Masala dry fruits,Khari Foods Cranberries Dried,255,200 g,4,399,144
Masala dry fruits,Farmley Premium Pumpkin Seeds AAA Grade,191,200 g,4.7,259,68
Masala dry fruits,Tata Sampann Kashmiri Red Chilli Powder with Natural Oils Kashmiri Lal Mirch Powder,100,100 g,4.8,107,7
Masala dry fruits,Farmley Premium Turkish Dried Apricots (Khubani),276,200 g,5,369,93
Masala dry fruits,Nutraj Cashew/Kaju,251,200 g,4.6,399,148
Masala dry fruits,Aashirvaad Cardamom | Elaichi | 100% Pure,493,100 g,4.4,600,107
Masala dry fruits,Tata Sampann Chilli Powder with Natural Oils Lal Mirchi Powder,109,200 g,4.8,124,15
Masala dry fruits,Happilo Classic Panchmewa Dry Fruit Mix Jar,404,405 g,4.7,599,195
Masala dry fruits,Khari Foods Apricot / Khubani Dried,336,200 g,4.5,449,113
Masala dry fruits,Parrys White Label Sugar,250,5 kg,4.8,330,80
Masala dry fruits,Farmley Premium California Natural Dried Cranberry,200,200 g,4.8,260,60
Masala dry fruits,Tata Sampann Premium Kalmi Dates Rich In Fibre Naturally Sweet Naturally Low-Fat Food,607,500 g,4.7,660,53
Masala dry fruits,Happilo 100% Natural Premium Whole Cashews,550,500 g,4.5,995,445
Masala dry fruits,Khari Foods Fig / Anjeer Dried,463,200 g,4.6,599,136
Masala dry fruits,Nutraj California Walnut/Akhrot kernels Halves,335,250 g,3.9,499,164
Masala dry fruits,"Farmley Trail Mix Dry Fruit- Almonds, Cashews, Cranberries, Blueberries, Blackcurrant & More",282,200 g,4.6,349,67
Masala dry fruits,Daily Good Jaggery - Gur - Gud,53,500 g,4.4,90,37
Masala dry fruits,Shan Biryani Masala,84,50 g,5,99,15
Masala dry fruits,Shan Tandoori Chicken Masala,84,50 g,5,99,15
Masala dry fruits,Tata Sampann 100% Pure Premium Cashews/Kaju Whole,300,200 g,4.8,315,15
Masala dry fruits,"Farmley Seed Mix Superfood Rich In Protein- Pumpkin, Watermelon, Sunflower, Flax, Chia Seeds",215,200 g,4.7,229,14
Masala dry fruits,Farmley 100% Natural California Almonds - Badam,516,500 g,4,899,383
Masala dry fruits,Khari Foods Pineapple Dried,199,200 g,4.6,199,0
Masala dry fruits,Aashirvaad Ajwain,94,200 g,4.7,110,16
Masala dry fruits,CRISTA Smoked Paprika Powder,135,45 g,4.1,210,75
Masala dry fruits,Tata Salt Lite | 15% Low Sodium Iodized Salt,50,1 kg,4.8,50,0
Masala dry fruits,Tata Sampann 100% Pure California Almonds/Badam Giri Whole Premium Quality,254,200 g,4.6,305,51
Masala dry fruits,Nutraj Raw Chia Seeds,126,200 g,4.7,299,173
Masala dry fruits,Khari Foods Roseberry Dried,115,100 g,4.4,125,10
Masala dry fruits,Shan Pilau Biryani,93,50 g,5,110,17
Masala dry fruits,Open Secret Arabian Dates (Khajur) With Seed,146,400 g,4.3,250,104
Masala dry fruits,ZOFF Cassia Bark - Dalchini Sticks,49,100 g,4.6,74,25
Masala dry fruits,Happilo Premium Californian Roasted and Salted Pistachios,303,200 g,4.3,395,92
Masala dry fruits,Nutraj Almond/Badam California,218,200 g,4.6,299,81
Masala dry fruits,Sugarfree Green 100% Natural Made From Stevia,273,200 g,4.7,300,27
Masala dry fruits,Farmley Premium Sunflower Seeds,119,200 g,4.6,159,40
Masala dry fruits,ZOFF Star Anise Whole - Chakri Phool,37,20 g,4.6,40,3
Masala dry fruits,Shan Sindhi Biryani Masala,84,60 g,4.2,99,15
Masala dry fruits,Tata Sampann Premium Kalmi Dates Rich In Fibre Naturally Sweet Naturally Low-Fat Food,253,200 g,4.2,265,12
Masala dry fruits,Farmley Premium Cashews - Kaju,567,500 g,4.6,899,332
Masala dry fruits,Safe Harvest Pesticide-Free Khandsari Sugar | Artisanal | No Artificial Flavors,128,1 kg,4.7,149,21
Masala dry fruits,Farmley Mix Dry Fruits Panchmeva,24,18 g,4.1,30,6
Masala dry fruits,ZOFF Big Cardamom Whole - Badi Elaichi,101,25 g,4.6,128,27
Masala dry fruits,Nutraj Broken California Walnut/Akhrot,320,250 g,4.3,435,115
Sweet cravings,Amul Dark Chocolate Bar,200,1 pc (150 g),4.7,200,0
Sweet cravings,The Belgian Crisps Double Choco Waffle Wafers | Artificial Colour-free,98,85 g,4.7,120,22
Sweet cravings,The Belgian Waffle Co Classic Chocolate Wafers | Preservative-free,98,85 g,4.8,120,22
Sweet cravings,Nestle Milkybar Tablet Made With Milk Yummy & Creamy Treat,40,1 pc (42 g),4.8,40,0
Sweet cravings,Cadbury Bournville Rich Cocoa 70% Dark Chocolate Bar,127,1 pc (75 g),4.7,150,23
Sweet cravings,Cadbury Dairy Milk Chocolate Bar,110,1 pc (112 g),4.7,130,20
Sweet cravings,Chokola 75% Signature Noir Dark Chocolate,231,1 pc (80 g),4.7,470,239
Sweet cravings,Luvit Dark Compound Chocolate,276,1 pack (500 g),4.8,325,49
Sweet cravings,Amul Chocominis Chocolate,140,1 pack (250 g),4.7,140,0
Sweet cravings,Cadbury Temptations Rum & Raisins Premium Chocolate Bar,119,1 pack (70 g),4.6,140,21
Sweet cravings,Cadbury Dairy Milk Crackle Chocolate Bar,55,1 pc (36 g),4.7,55,0
Sweet cravings,Cadbury Nutties Chocolate Pack,49,1 pc (30 g),4.5,50,1
Sweet cravings,Twix Cookie Caramel Chocolate Bar,67,1 pc (50 g),4.7,70,3
Sweet cravings,Cadbury Dairy Milk Roast Almond Chocolate Bar,55,1 pc (36 g),4.7,55,0
Sweet cravings,Choki Choki Choco Milk Stick Pouch,108,1 pack (50 pcs),4.6,120,12
Sweet cravings,Cadbury Dairy Milk Silk Oreo Chocolate Bar,110,1 pc (58.5 g),4.6,110,0
Sweet cravings,Cadbury Temptations Almond Treat Premium Chocolate Bar,110,1 pack (70 g),4.6,130,20
Sweet cravings,Cadbury Dairy Milk Silk Roast Almond Chocolate Bar,107,1 pack (52 g),4.7,110,3
Sweet cravings,Cadbury Dairy Milk Fruit & Nut Chocolate Bar,54,1 pc (36 g),4.7,55,1
Sweet cravings,Cadbury Bournville Cranberry 50% Dark Chocolate Bar,111,1 pc (78 g),4.7,130,19
Sweet cravings,Cadbury Bournville Fruit & Nut 50% Dark Chocolate Bar,111,1 pc (75 g),4.7,130,19
Sweet cravings,Cadbury Bournville Rich Cocoa 50% Dark Chocolate Bar,59,1 pc (30 g),4.7,60,1
Sweet cravings,Godiva Signature 72% Cacao Dark Chocolate,469,1 pc (90 g),3.9,699,230
Sweet cravings,Cadbury Nutties Chocolate Pack,86,1 pack (54 g),4.7,100,14
Sweet cravings,Luvit Smackers Fruit Assorted Lollipops,62,1 pack (8 x 12 g),4.2,75,13
Sweet cravings,Cadbury Dairy Milk Silk Fruit and Nut Chocolate Bar,109,1 pc (51 g),4.7,110,1
Sweet cravings,"Farmley Dark Choco Orange Date Bites- Chocolate, Dates, Almonds, Cashews, Pistachios, Honey",341,200 g,4.5,400,59
Sweet cravings,Sugar free D'lite Hazelnut & Roasted Almonds Dark Chocolate Bar,81,1 pack (40 g),4.7,99,18
Sweet cravings,Cadbury 5 Star Oreo Filled Chocolate Bar,47,1 pc (40 g),4.7,50,3
Sweet cravings,Cadbury Dairy Milk Minis Home Treats Chocolate,150,1 pack (22 x 7 g),4.7,200,50
Sweet cravings,Cadbury Dairy Milk Silk Bubbly Chocolate Bar,100,1 pc (46 g),4.7,100,0
Sweet cravings,Cadbury Perk Mini Treats Chocolate coated Wafers,85,1 pack (21 pcs),4.7,100,15
Sweet cravings,Nova Nova Chocolate Almond Brittle Gift Box,499,1 pack (135 g),4.6,625,126
Sweet cravings,Bounty Coconut Chocolate Bar,76,1 pc (57 g),4.7,80,4
Sweet cravings,Snickers Almond Filled Chocolate Bar,76,1 pc (45 g),4.6,80,4
Sweet cravings,Cadbury Dairy Milk Bites Hazelnut Chocolate Pack,75,1 pack (54 g),4.7,100,25
Sweet cravings,Cadbury Dairy Milk Bites Almond Chocolate Pack,75,1 pack (54 g),4.7,100,25
Sweet cravings,Cadbury Bournville Rich Cocoa 50% Dark Chocolate Bar,111,1 pack (75 g),4.7,130,19
Sweet cravings,"Snickers Filled with Brownie, Peanuts & Caramel Chocolate Bar",68,1 pc (45 g),4.7,70,2
Sweet cravings,Cadbury 5 Star 3D Chocolate Bar,44,1 pc (40 g),4.6,45,1
Sweet cravings,Cadbury Dairy Milk Silk Hazelnut Chocolate Bar,110,1 pc (54 g),4.6,110,0
Sweet cravings,Cadbury Dairy Milk Silk Chocolate Mini Treats Pack,175,1 pack (15 pcs),4.7,240,65
Sweet cravings,Bounty Miniatures Coconut Filled Chocolate Pack,171,1 pack (10 x 10 g),4.6,179,8
Sweet cravings,Cadbury Dairy Milk Silk Mousse Chocolate Bar,100,1 pc (48.5 g),4.5,100,0
Sweet cravings,Nestle Munch Choco Coated Wafer Bar - Sharebag,74,1 pack (17 x 8.7 g),4.7,100,26
Sweet cravings,Cadbury Fuse Mini Treats Chocolate Pack,99,1 pack (6 x 15.5 g),4.8,120,21
Sweet cravings,Nestle KitKat Share & Snap 2 x 3 Fingers Wafer Bar,50,1 pack (57 g),4.7,55,5
Sweet cravings,Cadbury 5 Star Mini Treat Chocolate Pack,100,1 pack (15 x 8.9 g),4.8,120,20
Sweet cravings,Hershey's Kisses Moments Chocolate Gift pack,234,1 pack (124.5 g),5,299,65
Sweet cravings,Sugar Free D'lite Quinoa & Almonds Dark Chocolate Bar,76,1 pc (40 g),4.7,99,23
Sweet cravings,KitKat Minis Choco Coated Wafer Bar | Share Bag | Miniature Pouch,108,1 pack (16 x 7.4 g),4.7,149,41
Sweet cravings,Godiva 90% Cocoa Dark Chocolate,417,1 pc (90 g),5,699,282
Sweet cravings,Nova Nova Best Bite- Dark Chocolate,83,1 pc (50 g),4.5,99,16
Sweet cravings,Cadbury Dairy Milk Chocolate Bar,57,1 pc (46 g),4.7,60,3
Sweet cravings,Nova Nova Choco Pockets- Classic Chocolate,83,1 pack (2 x 30 g),4.7,98,15
Sweet cravings,Cadbury Dairy Milk Silk Chocolate Bar,109,1 pc (60 g),4.7,115,6
Sweet cravings,Galaxy Fusions Dark Chocolate Bar With 70% Cocoa,124,1 pc (56 g),4.6,130,6
Sweet cravings,Cadbury Fuse Chocolate Bar,48,1 pc (43 g),4.7,50,2
Sweet cravings,Hershey's Kisses Cookies 'N' Cream Chocolate Share Bag,60,1 pack (33.6 g),4.6,65,5
Sweet cravings,Nestle KitKat Delights Dark,195,1 pc (150 g),4.9,220,25
Sweet cravings,Cadbury Dairy Milk Silk Ganache Chocolate Bar,107,1 pack (54 g),4.7,110,3
Sweet cravings,"Galaxy Fusions Silky Smooth Dark Chocolate Bar, Made with 70% Cocoa",64,1 pc (27.5 g),4.6,70,6
Sweet cravings,Cadbury Dairy Milk Silk Chocolate Bar,195,1 pc (150 g),4.7,230,35
Sweet cravings,Cadbury Dairy Milk Fruit & Nut Chocolate Bar,108,1 pc (75 g),4.7,120,12
Frozen food,Yummiez Green Peas,129,500 g,4.6,160,31
Frozen food,McCain French Fries,100,420 g,4.7,125,25
Frozen food,McCain Smiles,150,415 g,4.6,150,0
Frozen food,McCain Variety Pack,175,550 g,4.7,175,0
Frozen food,Hyfun French Fries,99,425 g,4.6,125,26
Frozen food,ITC Master Chef Chicken Seekh Kebab | High in Protein | No Added preservatives | Microwave Friendly,365,500 g,4.8,365,0
Frozen food,Godrej Yummiez Chicken Nuggets,289,500 g,4.7,370,81
Frozen food,Prasuma Spicy Chicken Momos,306,1 pack (24 pcs),4.7,325,19
Frozen food,Safal Frozen Green Peas,125,500 g,4.7,135,10
Frozen food,Farmland Green Peas | No Added Colours,320,1 kg,4.7,320,0
Frozen food,McCain French Fries,200,1.25 kg,4.7,370,170
Frozen food,Safal Frozen Green Peas,198,1 kg,4.7,240,42
Frozen food,McCain Aloo Tikki,100,400 g,4.6,133,33
Frozen food,ITC Master Chef Crispy French Fries | No Added Preservatives,125,420 g,4.6,125,0
Frozen food,McCain Chilli Garlic Potato Bites,119,420 g,4.7,165,46
Frozen food,McCain Cheese Pizza Mini Samosa,141,240 g,4.6,165,24
Frozen food,ITC Master Chef Crunchy Chicken Nuggets | Source of Protein | No Added Preservatives | 25 pieces,325,450 g,4.5,325,0
Frozen food,McCain Chilli Garlic Potato Bites,270,700 g,4.7,270,0
Frozen food,McCain Veggie Burger Patty,150,360 g,4.6,150,0
Frozen food,Wow! Chicken SUPER SAVER Party Pack Spicy Momo,249,24 g,4.2,575,326
Frozen food,ITC Master Chef Crunchy Chicken Nuggets | Source of Protein | No Added Preservatives | 55 pieces,563,1 kg,4.5,625,62
Frozen food,Godrej Yummiez Chicken Breakfast Sausage,259,500 g,4.6,325,66
Frozen food,ITC Master Chef Cheesy Corn Triangle Nugget | Goodness of Protein | With Cheddar Cheese | 18 pieces,139,320 g,4.4,195,56
Frozen food,Godrej Yummiez Large Prawns,249,200 g,4.5,280,31
Frozen food,ITC Master Chef Chili Garlic Potato Shots Nuggets | 52 pieces,95,420 g,4.7,135,40
Frozen food,Farmland Sweet Corn | No Added Colours,200,1 kg,4.7,200,0
Frozen food,Godrej Yummiez Chilli Chicken Sausages,189,250 g,4.5,190,1
Frozen food,Godrej Yummiez Cheese Corn Nuggets,250,400 g,4.6,250,0
Frozen food,Godrej Chicken Breast Boneless (Freshly Frozen),229,450 g,4,270,41
Frozen food,Ammamma's Methi Chapati,55,1 pack (10 pcs),4.2,99,44
Frozen food,Yummiez Green Peas,259,1 kg,4.6,280,21
Frozen food,Yummiez Chicken Pepper and Herb Sausage Pouch,179,250 g,4.5,199,20
Frozen food,Ammamma's Parota,55,1 pack (5 pcs),4.4,99,44
Frozen food,Yummiez American Sweet Corn,99,400 g,4.5,110,11
Frozen food,Godrej Yummiez Chicken Breakfast Salami,159,250 g,4.8,190,31
Frozen food,ITC Master Chef Crispy Spicy Chicken | High in Protein | No Added Preservatives | 6 pieces,418,500 g,3.9,440,22
Frozen food,Wow! Masala Chicken Momo Buy 1 Get 1 Free,149,1 pack (20 pcs),4.3,275,126
Frozen food,Godrej Yummiez Real Good Chicken Drumstick,229,500 g,3.9,250,21
Frozen food,Prasuma Chicken Cheese & Chilli Sausage,166,250 g,4.6,195,29
Frozen food,Godrej Yummiez Chicken Momos,159,420 g,4.6,250,91
Frozen food,ITC Master Chef Desi Style Chicken Patty | Goodness of Protein | No Added Preservatives | 6 pieces,196,330 g,4.7,210,14
Frozen food,Asal Malabar Parota,65,450 g,4.5,99,34
Frozen food,Ammamma's Whole Wheat Chapati,50,400 g,4.1,82,32
Frozen food,Godrej Yummiez Chicken Cheese Cocktail Sausages,239,400 g,4.5,250,11
Frozen food,Big Sam's Silver Salmon Portion,806,200 g,4.3,895,89
Frozen food,Wow! Veg SUPER SAVER Party Pack Premium Momo,199,500 g,4.1,425,226
Frozen food,Godrej Yummiez Chicken & Cheese Nuggets,259,325 g,4.3,285,26
Frozen food,Big Sam's Basa Fillets,423,500 g,4.4,445,22
Frozen food,Aashirvaad Ready To Cook Aloo Paratha,120,400 g,4.3,150,30
Frozen food,Prasuma Chicken Pepperoni Salami,151,100 g,4.5,160,9
Frozen food,Godrej Yummiez Cheesy Pizza Fingers,149,250 g,4.9,190,41
Frozen food,Adf Soul Paneer Paratha,153,300 g,4.6,159,6
Frozen food,Prasuma Pork Ham,253,200 g,4.4,260,7
Frozen food,Sneha Supercool Fz Breast Boneless,214,450 g,4.8,222,8
Frozen food,Yummiez Chicken Breakfast Sausages,149,250 g,4.7,190,41
Frozen food,Wow! Momo Korean Momos Veg,100,240 g,4.4,199,99
Frozen food,Godrej Yummiez Chicken Burger Patty,179,300 g,4.5,210,31
Frozen food,Big Sam's Prawns Large,328,200 g,4.3,345,17
Frozen food,Goeld Green Peas,255,1 kg,4.7,260,5
Frozen food,Yummiez Veg Burger Patty,119,340 g,4.4,140,21
Frozen food,Adf Soul Aloo Paratha,144,400 g,4,149,5
Frozen food,Prasuma Chicken Sausage,164,250 g,4.6,190,26
Frozen food,Sneha Supercool Fz Liver,90,450 g,4.3,90,0
Frozen food,Godrej Yummiez Chicken Kheema,149,300 g,4.8,190,41
Ice cream,Kwality Walls The Dairy Factory Butterscotch Ice Cream Tub,135,1 pack (700 ml),4.4,180,45
Ice cream,Amul Vanilla Magic Ice Cream Tub,195,1 pack (1 L),4.3,195,0
Ice cream,Amul Chocolate Brownie Ice Cream Tub,230,1 pack (1 L),4.4,230,0
Ice cream,Amul Chocochip Ice Cream Tub,230,1 pack (1 L),4.3,230,0
Ice cream,Amul Gold Butterscotch Ice Cream Tub,248,1 pack (1 L),4.3,260,12
Ice cream,Cream Bell Caramel Butterscotch Ice Cream Tub,200,1 pack (750 ml),4.1,200,0
Ice cream,Kwality Walls The Dairy Factory Vanilla Ice Cream Tub,113,1 pack (700 ml),4.4,150,37
Ice cream,Kwality Walls The Dairy Factory Chocochips Ice Cream Tub,187,1 pack (700 ml),4.5,220,33
Ice cream,Cream Pot Vanilla Tub,114,1 pack (1 L),4.5,190,76
Ice cream,Amul Gold Vanilla Ice Cream Tub,219,1 pack (1 L),4.2,230,11
Ice cream,Kwality Walls The Dairy Factory Alphonso Mango Ice Cream Tub,162,1 pack (700 ml),4.3,180,18
Ice cream,Amul Chocolate Magic Sundae Ice Cream Tub,215,1 pack (1 L),4.3,215,0
Ice cream,Amul Gold Cookies & Cream Ice Cream Tub,248,1 pack (1 L),4.3,260,12
Ice cream,Cream Pot Mango Tub,166,1 pack (1 L),4.4,220,54
Ice cream,Amul Rajbhog Ice Cream Tub,300,1 pack (1 L),4.2,300,0
Ice cream,Hocco Blueberry Cheesecake Ice Cream Tub,161,1 pack (750 ml),3.9,320,159
Ice cream,Kwality Wall's Oreo And Cream Tub,218,1 pack (700 ml),4.2,325,107
Ice cream,Cream Pot Chocolate Tub,166,1 pack (1 L),4.3,220,54
Ice cream,NIC Chocochips Ice Cream Tub,263,1 pack (500 ml),4.2,350,87
Ice cream,NIC Alphonso Mango Ice Cream Tub,263,1 pack (500 ml),4.3,350,87
Ice cream,Dairy Day Black Currant Ice Cream Tub,140,1 pack (500 ml),4.4,170,30
Ice cream,NIC Tender Coconut Ice Cream Tub,211,1 pack (500 ml),4.2,350,139
Ice cream,Huber & Holly Biscotti Della Nonna Ice Cream Tub,260,1 pack (500 ml),4.5,400,140
Ice cream,Hocco Biscotti Ice Cream Tub,272,1 pack (750 ml),4.6,340,68
Ice cream,Huber & Holly Belgian Chocolate & Brownie Tub,175,1 pack (500 ml),4.5,350,175
Ice cream,Hocco Belgian Choconut Ice Cream Tub,240,1 pack (750 ml),3.9,300,60
Ice cream,Hocco Ratnagiri Mango Ice Cream Tub,175,1 pack (750 ml),4.5,350,175
Ice cream,Huber & Holly Italian Amarena Cherry Ice Cream Tub,201,1 pack (500 ml),4.2,400,199
Ice cream,Hocco Hazelnut Mudslide Ice Cream Tub,272,1 pack (750 ml),4.4,340,68
Ice cream,Amul Gold King Alphonso Ice Cream Tub,260,1 pack (1 L),4.2,260,0
Ice cream,Amul Ice Lounge Belgian Chocolate Ice Cream Tub,400,1 pack (500 ml),4.3,400,0
Ice cream,Huber & Holly Guava Chilli Ice Cream Tub,151,1 pack (500 ml),4.2,300,149
Packaged food,MTR Rava Idli Instant Mix,229,1 kg,4.8,290,61
Packaged food,Korean Nongshim Shin Ramyun Noodle Soup Veg,539,600 g,5,649,110
Packaged food,MTR Khaman Dhokla Ready Mix,97,160 g,4.6,100,3
Packaged food,MTR Gulab Jamun Mix,143,2 x 175 g,4.7,145,2
Packaged food,YiPPee! Magic Masala Noodles with Added Veggies - The Better Noodles,57,280 g,4.6,60,3
Packaged food,MTR Instant Badam Drink Mix,260,500 g,4.8,295,35
Packaged food,Aptamil Gold Infant Formula Milk Powder For Babies - Stage 3 | 12-24 Months | 1.2 Kgs - Large Pack,3078,1.2 kg,4.4,3078,0
Packaged food,Hocco Sambhar,101,300 g,4,140,39
Packaged food,Dlicia Whip Topping Bottle,199,1 kg,4.3,250,51
Packaged food,Del Monte Sliced Black Olives,184,235 g,4.5,210,26
Packaged food,Hershey's Cocoa Powder,132,70 g,4.7,140,8
Packaged food,Hocco Kadhi Pakoda Rice Combo,138,375 g,4.8,185,47
Packaged food,YiPPee! Magic Masala Noodles with Added Veggies - The Better Noodles,146,840 g,4.7,180,34
Packaged food,"Disano Penne Pasta, 100% Durum Wheat, No Maida",93,2 x 400 g,4.6,130,37
Packaged food,Slurrp Farm Millet Eggless Pancake Mix Chocolate No Maida | Healthy Breakfast | Kids and Adults,199,150 g,4.7,199,0
Packaged food,Hocco Bisebelle Bhath,111,300 g,4.8,140,29
Packaged food,Nongshim Soon Veggie Ramyun | 5 In 1,529,560 g,4.4,649,120
Packaged food,The Select Aisle Dark Chocolate Chips,169,150 g,3.9,169,0
Packaged food,Aptamil Gold Infant Formula Milk Powder For Babies - Stage 1 With Hmo | 2-Fl | Large Pack,3078,1.2 kg,4.6,3078,0
Packaged food,MTR Ready To Eat Paneer Butter Masala,154,300 g,4.2,155,1
Packaged food,Keya Malabar Chicken Pickle,288,270 g,4.3,320,32
Packaged food,Slurrp Farm Millet Eggless Pancake Mix With Banana Choco Chip | No Maida | Healthy Breakfast,182,150 g,4.4,199,17
Packaged food,MTR 3 min Poha,125,5 x 60 g,4.7,150,25
Packaged food,Nongshim Korean Shin Kimchi Veg,530,600 g,5,649,119
Packaged food,Aptamil Gold Stage 3 Follow Up Infant Formula Milk Powder For Babies,1080,400 g,4.9,1080,0
Packaged food,Pillsbury Chocolate Flavour Pancake Mix 2-Minute Pancake Mix For Kids | No-Preservatives,227,500 g,5,285,58
Packaged food,Aptamil Gold Stage 1 | Infant Formula Powder Refill,1080,400 g,4.3,1080,0
Packaged food,MTR Breakfast Rava Dosa Mix,159,500 g,4.8,160,1
Packaged food,Hocco Chana Masala,111,300 g,4.3,140,29
Packaged food,Mother's Recipe Mixed Pickle,110,300 g,4.7,110,0
Packaged food,Korean Nongshim Shin Red Super Spicy Veg,123,120 g,4.7,139,16
Packaged food,Dexolac Stage | 1 Refill,525,400 g,4.7,525,0
dairy bread and eggs,Old Craft Garlic Paprika Cheese Sauce,232,200 g,4.8,350,118
dairy bread and eggs,Cremeitalia Red Cheddar Block,269,200 g,4.7,355,86
dairy bread and eggs,D'lecta 100% Mozzarella Shreds Cheese,96,140 g,4.7,118,22
dairy bread and eggs,D'lecta Natural Feta Cheese Blocks,106,100 g,4.2,120,14
dairy bread and eggs,D'lecta Cheese Slices,210,400 g,4.7,350,140
dairy bread and eggs,D'lecta 100% Mozzarella Cheese Pizza Block,109,200 g,4.6,165,56
dairy bread and eggs,D'lecta 100% Cheddar Cheese Blocks,186,200 g,4.9,220,34
dairy bread and eggs,D'lecta Cheese Cubes,119,200 g,4.6,175,56
dairy bread and eggs,Britannia Cheese Cubes,133,200 g,4.6,135,2
dairy bread and eggs,Old Craft Cheesy Toamato Cheese Sauce,232,200 g,4.7,350,118
dairy bread and eggs,D'lecta 100% Cheddar Cheese Slices,195,200 g,4.4,220,25
dairy bread and eggs,D'lecta Cream Cheese,172,150 g,4.3,200,28
dairy bread and eggs,Cremeitalia Fiordilatte Bocconcini Ball(4 Balls),186,120 g,4.9,245,59
dairy bread and eggs,D'lecta Cheese Spread,67,150 g,4.4,99,32
dairy bread and eggs,D'lecta Shredded Mozzarella Pizza Cheese,297,500 g,4.3,350,53
dairy bread and eggs,D'lecta Cream Cheese,349,400 g,4.3,380,31
dairy bread and eggs,Dlecta Chilli Cheese Slices | Pack Of 10,121,200 g,4.8,165,44
dairy bread and eggs,Britannia Cheese Slice,507,663 g,4.8,650,143
dairy bread and eggs,Britannia The Laughing Cow Cheese- Roasted Garlic Spread Tub,103,180 g,4.4,110,7
dairy bread and eggs,D'lecta Mascarpone Cheese,369,400 g,5,410,41
dairy bread and eggs,Britannia Cheese Spread Classic,103,180 g,4.5,110,7
dairy bread and eggs,Britannia Cheese Block,128,200 g,4.4,130,2
dairy bread and eggs,D'lecta Cheese Blocks,120,200 g,4.5,170,50
dairy bread and eggs,Britannia Cheese Cheeza,131,200 g,4.6,135,4
dairy bread and eggs,Britannia The Laughing Cow Cheezza Cheese- Pizza Block,265,400 g,4.5,270,5
dairy bread and eggs,Heritage Cheese Slices,132,200 g,4.7,145,13
dairy bread and eggs,Amul Cheese Pizza,100,200 g,5,104,4
dairy bread and eggs,Amul Cheese Slices,143,200 g,4.7,145,2
dairy bread and eggs,Amul Processed Cheese Cubes,128,200 g,4.7,135,7
dairy bread and eggs,Amul Cheese Slices,440,750 g,4.7,440,0
dairy bread and eggs,Akshayakalpa Organic Artisanal Cheddar Cheese Slices,92,100 g,4.1,120,28
dairy bread and eggs,Amul Cheese - Block,303,500 g,4.3,310,7
dairy bread and eggs,Go Cheese Slices,95,200 g,4.7,190,95
dairy bread and eggs,Amul Diced Cheese Blend,122,200 g,4.7,129,7
dairy bread and eggs,Amul Cheese Slices,84,100 g,4.7,85,1
dairy bread and eggs,Go Cheese Pizza Blend (Mozzarella + Cheddar),112,200 g,4.7,155,43
dairy bread and eggs,Milky Mist Shredded Mozzarella Pizza Cheese,129,200 g,4.6,140,11
dairy bread and eggs,Milky Mist Cheese- Slices,145,200 g,4.7,149,4
dairy bread and eggs,Milky Mist Cheese- Slices,74,100 g,4.7,79,5
dairy bread and eggs,Heritage Cheese Slices,101,100 g,4.7,115,14
dairy bread and eggs,Amul Diced Cheese Blend,538,1 kg,4.7,550,12
dairy bread and eggs,Amul Processed Cheese Block,127,200 g,4.8,130,3
dairy bread and eggs,Milky Mist Cream Cheese Spread- Tub,170,200 g,5,190,20
dairy bread and eggs,Nandini Processed Cheese- Slices,140,200 g,4.6,140,0
dairy bread and eggs,Milky Mist Mozzarella Diced Pizza Cheese,129,200 g,4.9,140,11
dairy bread and eggs,Amul Cheese Spread Yummy Plain,108,200 g,4.6,110,2
dairy bread and eggs,Go Four Cheese,117,200 g,4.5,150,33
dairy bread and eggs,Amul Cheese Spread Spicy Garlic,110,200 g,4.6,114,4
dairy bread and eggs,Nandini Cheese Spread- Plain,95,200 g,4.8,95,0
dairy bread and eggs,Simply Cheese Chilli Cheese Sauce,115,200 g,4.5,180,65
dairy bread and eggs,Simply Cheese Italian Herbs Sauce,115,200 g,4.9,180,65
dairy bread and eggs,Amul Cheese Spread - Pepper,108,200 g,4.5,110,2
dairy bread and eggs,Go Cheese Processed- Square Cubes,112,200 g,4.6,155,43
dairy bread and eggs,Milky Mist Mozzarella Pizza Cheese,151,200 g,5,165,14
dairy bread and eggs,Milky Mist Shredded Mozzarella Pizza Cheese,336,500 g,4.6,360,24
dairy bread and eggs,Go Mozzarella Dice,292,500 g,4.5,340,48
dairy bread and eggs,Go Cheese Spread Plain,93,200 g,4.2,115,22
dairy bread and eggs,Amul Processed Cheese Slice,269,400 g,4.5,275,6
dairy bread and eggs,Go Cheese Spread - Four Pepper (Soft & Creamy),97,200 g,5,115,18
dairy bread and eggs,Dairy Craft Mozzarella Ball,134,200 g,5,150,16
dairy bread and eggs,Go Cheese Slices,71,100 g,4.7,99,28
dairy bread and eggs,Britannia Spreadable Cheese Triangles,120,120 g,4.9,135,15
dairy bread and eggs,Britannia Cheese Slice,79,90 g,4.8,80,1
Cold drinks and juices,Pepsi Soft Drink,40,750 ml,4.6,40,0
Cold drinks and juices,Diet Coke Cola Diet Soft Drink Can,40,300 ml,4.6,40,0
Cold drinks and juices,Sprite Lemon and Lime Soft Drink,45,750 ml,4.6,45,0
Cold drinks and juices,Storia Tender Coconut Water,98,1 L,4.7,178,80
Cold drinks and juices,Amul Masti Spiced Buttermilk,15,200 ml,4.7,15,0
Cold drinks and juices,Coolberg Cranberry Non Alcoholic Beer,85,330 ml,4.6,99,14
Cold drinks and juices,Jimmy's Sex on the beach Cocktail Mixer,118,250 ml,4.6,120,2
Cold drinks and juices,Sepoy & Co. Classic Lemonade,104,200 ml,4.8,110,6
Cold drinks and juices,Frooti Mango Fruit Juice,93,1.8 L,4.6,100,7
Cold drinks and juices,Maaza Mango Fruit Juice,42,600 ml,4.5,42,0
Cold drinks and juices,Thums Up Soft Drink,43,750 ml,4.6,45,2
Cold drinks and juices,Coca Cola Soft Drink,45,750 ml,4.6,45,0
Cold drinks and juices,Limca Lemon Soft Drink,45,750 ml,4.7,45,0
Cold drinks and juices,Mountain Dew Citrus Soft Drink,40,750 ml,4.7,40,0
Cold drinks and juices,Dabur Real Fruit Power Masala Mixed Fruit Juice,75,1 L,4.4,150,75
Cold drinks and juices,Dabur Real Activ Tender Coconut Water,178,1 L,4.4,178,0
Cold drinks and juices,Hamdard Rooh Afza Rose Sharbat,180,750 ml,4.8,180,0
Cold drinks and juices,Sting Energy Drink,20,250 ml,4.6,20,0
Cold drinks and juices,Bombay Banta Masala Soda,157,12 piece,4.4,240,83
Cold drinks and juices,Smoodh Chaas Masala Flavoured Buttermilk Pet,15,180 ml,4.4,15,0
Cold drinks and juices,Hershey's Chocolate Syrup,235,623 g,4.6,250,15
Cold drinks and juices,Alt Co. Oat Drink,270,1 L,4.4,299,29
Cold drinks and juices,Aava Sparkling Water,600,6 x 500 ml,3.9,600,0
Cold drinks and juices,Pepsi Black Cola Diet Soft Drink,40,300 ml,4.5,40,0
Cold drinks and juices,Raw Pressery Valencia Orange Fruit Juice,388,1 L,4.3,399,11
Cold drinks and juices,Fast&up Assorted Flavoured Energy Drink,791,1 pack (4 pcs),4.7,1180,389
Cold drinks and juices,Bombay Banta Lemon Soda,157,1 pack (12 pcs),4.3,240,83
Cold drinks and juices,Coolberg Non Alcoholic Beer | Party Pack,505,6 x 330 ml,4.9,594,89
Cold drinks and juices,Hershey's Chocolate Syrup,105,200 g,4.7,110,5
Cold drinks and juices,Epigamia Turbo Cookies and Cream Protein Milkshake,128,250 ml,4.4,150,22
Cold drinks and juices,Evocus Natural Black Alkaline Water,600,1 pack (6 pcs),4.2,600,0
Cold drinks and juices,Alt Co. Almond Milk,270,1 L,4.5,299,29
Meats fish eggs,Relish Chicken Curry Cut Without Skin,147,480 - 500 g (11-13 Pieces),4.3,185,38
Meats fish eggs,Relish Shawarma Chicken Spread,149,200 g,4.6,210,61
Meats fish eggs,Relish Chicken Breast Boneless,249,480 - 500 g (2-3 Pieces),4.6,269,20
Meats fish eggs,Relish Continental Chicken Spread,149,200 g,4.1,210,61
Meats fish eggs,Relish Lemon Pepper Chicken Tikka,149,200 g (9-10 Pieces),4.3,169,20
Meats fish eggs,Relish Mutton Mince,269,240 - 260 g,4.2,299,30
Meats fish eggs,Relish Goat Curry Cut,319,350 - 370 g (8-11 Pieces),4.2,449,130
Meats fish eggs,Relish Chicken Thigh Boneless,179,330 - 350 g (3-5 Pieces),4.6,249,70
Meats fish eggs,Relish Chicken Hot Wings,99,1 pack (6 pcs),4.4,139,40
Meats fish eggs,Relish Roopchand / Rupchanda Steaks,181,520 - 540 g (10-13 Pieces),4.5,279,98
Meats fish eggs,Relish Chicken Curry Cut With Skin,145,480 - 500 g (11-13 Pieces),4.4,175,30
Meats fish eggs,Nandus Chicken Breast Boneless,214,450 g,4.5,249,35
Meats fish eggs,Freshtohome Chicken Skinless Curry Cut,142,450 g,4,159,17
Meats fish eggs,Nandus Chicken Curry Cut with Skin,137,500 g,4.2,159,22
Meats fish eggs,Relish Chicken Drumstick,99,2 pcs,4.3,129,30
Breakfast sauces,Yogabar Chocos Chocolately Breakfast Cereal,385,850 g,4.6,549,164
Breakfast sauces,Wingreens Farms Premium Veg Mayo,168,800 g,4.7,250,82
Breakfast sauces,Wok Tok By Veeba Green Chilli Sauce + Red Chilli Sauce + Soya Sauce Combo,143,625 g,4.7,180,37
Breakfast sauces,Wingreens Farms Burger Mayo,172,450 g,4.3,199,27
Breakfast sauces,MyFitness Chocolate Peanut Butter Smooth Spread | High Protein,558,1.25 kg,4.6,689,131
Breakfast sauces,Yogabar Organic Quinoa I Gluten Free I High In Iron & Fibre | 100% Vegan & No Added Preservatives,252,1 kg,4.8,499,247
Breakfast sauces,MyFitness Original Peanut Butter Smooth Spread | High Protein,526,1.25 kg,4.6,649,123
Breakfast sauces,Wingreens Farms Chipotle Mayo Sauce And Spread,65,180 g,4.7,75,10
Breakfast sauces,Yogabar Crunchy Cornflakes,200,850 g,4.6,355,155
Breakfast sauces,Veeba Tomato Ketchup No Added Sugar,187,460 g,4.9,219,32
Breakfast sauces,Kellogg's Chocolate Muesli | 12-in-1 Power Breakfast | India's No. 1 Muesli | Multigrain Breakfast Cereal,332,450 g,4.5,399,67
Breakfast sauces,Wok Tok By Veeba Green Chilli Sauce + Red Chilli Sauce + Soya Sauce Combo,62,3 x 90 g,4.4,75,13
Breakfast sauces,MyFitness Original Peanut Butter Crunchy Spread | High Protein,526,1.25 kg,4.4,649,123
Breakfast sauces,Wingreens Farms Veg Mayo,47,180 g,4.5,75,28
Breakfast sauces,Kellogg's Muesli Nuts Delight 12-in-1 Power Breakfast,496,750 g,4.3,525,29
Breakfast sauces,Veeba Smokey Barbeque Sauce,169,330 g,4.4,175,6
Breakfast sauces,Kellogg's Corn Flakes Power of 5 (Super Saver PacK),448,1.15 kg,4.7,530,82
Breakfast sauces,Kellogg's Muesli Nuts Delight 12-in-1 Power Breakfast,387,500 g,4.9,389,2
Breakfast sauces,MyFitness Chocolate Peanut Butter Crunchy Spread | High Protein,292,510 g,4.6,339,47
Breakfast sauces,Wingreens Classic VEG Mayo,150,1.11 kg,4.4,299,149
Breakfast sauces,Kelloggs Muesli Fruit Nut & Seeds 12-in-1 Power Breakfast,170,240 g,4.7,199,29
Breakfast sauces,Knorr Red Chilli Sauce,48,200 g,4.7,60,12
Breakfast sauces,Sweetmate Sugar Free Hazelnut Chocolate Spread,310,300 g,4.8,499,189
Breakfast sauces,True Elements Crunchy Dark Chocolate Granola For Breakfast,563,900 g,4.4,695,132
Breakfast sauces,Yogabar High Protein Muesli Choco Almond & Cranberry Protein Snack,411,850 g,4.4,599,188
Breakfast sauces,"Slurrp Farm Choco Crunch Chocolate Cereal - Ragi Stars and Moons No Maida, No Refined Sugar, No Added Colour",269,400 g,4.4,299,30
Breakfast sauces,Knorr Green Chilli Sauce,48,200 g,4.6,60,12
Breakfast sauces,Nutella Hazelnut Spread with Cocoa,372,350 g,4.7,399,27
Breakfast sauces,Knorr Dark Soya Sauce,48,200 g,4.7,60,12
Breakfast sauces,MyFitness Chocolate Peanut Butter Smooth Spread | High Protein,268,510 g,4.6,339,71
Breakfast sauces,Hershey's Spread - Cocoa With Almond Jar,167,150 g,4.6,185,18
Breakfast sauces,Kwality Choco Flakes - Made With Whole Wheat Zero% Maida,335,1 kg,4.4,650,315
Breakfast sauces,Akshayakalpa Organic Multifloral Raw Honey,195,250 g,4.8,200,5
Breakfast sauces,Knorr Schezwan Sauce,62,200 g,4.8,70,8
Breakfast sauces,Knorr Sauce Pizza and Pasta,57,200 g,4.7,65,8
Breakfast sauces,Kellogg's Chocos Fills Double Chocolaty,180,250 g,4.6,205,25
Breakfast sauces,MyFitness Chocolate Peanut Butter Crispy Spread | High Protein,268,510 g,4.4,339,71
Breakfast sauces,Yoga Bar 100% Rolled Oats Gluten free Wholegrain Oats With Protein & Fibre,261,1 kg,4.6,490,229
Breakfast sauces,True Elements Corn Flakes Pro,312,1 kg,4.1,800,488
Breakfast sauces,Ching's Secret Red Chilli Sauce | Bold | Fiery And Aromatic,54,200 g,4.8,60,6
Breakfast sauces,MyFitness Chocolate Peanut Butter Crunchy Spread | High Protein,149,227 g,4.6,179,30
Breakfast sauces,"Yoga Bar Muesli Dark Chocolate & Cranberry,Breakfast Cereals, Protein Granola, Gluten Free",371,700 g,4.8,499,128
Breakfast sauces,"Dabur Honey Squeezy, 100% Pure World's No.1 Honey Brand Buy 1 Get 1 Free",181,2 x 225 g,4.7,249,68
Breakfast sauces,Hershey's Spread - Cocoa Jar,171,150 g,4.7,185,14
Breakfast sauces,"Tata Soulfull Ragi Bites Choco Fills, No Maida, More Cream Filling, Kids Cereal",265,500 g,4.7,349,84
Breakfast sauces,"The Whole Truth - Nuts, Fruits and Seeds Breakfast Muesli",315,350 g,5,349,34
Breakfast sauces,MyFitness Chocolate Peanut Butter with Almond Crunch | High Protein,361,510 g,4.4,419,58
Breakfast sauces,The Whole Truth - Multigrain Breakfast Muesli,315,350 g,5,349,34
Breakfast sauces,"Dabur Honey - 100% Pure, World's No.1 Honey Brand (No Sugar Adulteration)",344,2 x 400 g,4.6,420,76
Breakfast sauces,"Kellogg's Chocos Crunchy Bites | Source of Calcium & Fibre, High in Protein | Kids Breakfast cereal",221,375 g,4.7,225,4
Breakfast sauces,Yu 100% Original Chilli Oil - Crispy & Bold,159,170 g,4.3,225,66
Breakfast sauces,Veeba Thousand Island Dressing,179,300 g,4.4,179,0
Breakfast sauces,Yogabar Super Muesli No Added Sugar,379,700 g,4.8,499,120
Breakfast sauces,Farmley Natural Quinoa | Diet Food | Gluten Free | High Protein | Ready To Cook Quinoa,139,500 g,4.9,300,161
Breakfast sauces,Veeba Salsa Dip,151,360 g,4.8,164,13
Breakfast sauces,"Yoga Bar Muesli Fruits Nuts and Seeds,Breakfast Cereals, Protein Granola, Gluten Free",326,700 g,4.6,499,173
Breakfast sauces,Ching's Secret Green Chilli Sauce | Bold And Flavourful,55,190 g,4.8,60,5
Breakfast sauces,MyFitness Chocolate Peanut Butter Crispy Spread | High Protein,154,227 g,4.6,179,25
Breakfast sauces,Yogabar Rolled Oats (Pouch),234,1 kg,4.7,410,176
Breakfast sauces,Kellogg's Almonds And Cranberries Granola,288,460 g,5,405,117
Breakfast sauces,The Little Farm Co. Imli Sauce | Chutney With Dates,225,300 g,4.7,250,25
Breakfast sauces,"Ching's Secret Dark Soy Sauce, Rich, Brown and Zesty",54,210 g,4.7,60,6
Breakfast sauces,Veeba Cheese And Jalapeno Dip,164,300 g,4.7,174,10
Breakfast sauces,"Kellogg's Chocos, Moons and Stars Duet, Crunchy Bites and Chhota Laddoo | Pack of 7",65,140 g,4.7,70,5
Tea cofee and more,Tata Tea Premium Desh Ki Chai Black Tea,278,500 g,4.7,280,2
Tea cofee and more,Nescafe Classic - Instant Coffee Powder - 100% Pure Coffee,250,45 g,4.7,250,0
Tea cofee and more,Bournvita Chocolate | Cereal Based Drink Mix Jar,150,200 g,4.6,150,0
Tea cofee and more,Lipton Honey Lemon Green Tea Bags,153,1 pack (25 pcs),4.7,180,27
Tea cofee and more,Nescafe Gold Blend Rich and Smooth Arabica and Robusta Instant Coffee,680,100 g,4.7,750,70
Tea cofee and more,Red Label Instant Masala Chai Premix,118,1 pack (10 pcs),4.1,175,57
Tea cofee and more,Nescafe Cafe Style Iced Latte Cold Coffee,46,170 ml,4.6,50,4
Tea cofee and more,Toyo Kombucha Exotic Peach Kombucha,92,330 ml,4.8,95,3
Tea cofee and more,Continental Xtra Instant Strong Coffee - Pouch,90,50 g,4.7,180,90
Tea cofee and more,BRU Instant Coffee,280,100 g,4.8,350,70
Tea cofee and more,Brooke Bond Red Label Tea,140,250 g,4.7,140,0
Tea cofee and more,Taj Mahal Tea | Rich and Flavourful Chai,360,500 g,4.8,380,20
Tea cofee and more,Horlicks Assorted Malt Based Food Drink Mix | For 5+ years Kids,354,750 g,4.7,459,105
Tea cofee and more,Nescafe Ready To Drink Coffee Flavoured Milk Iced Latte Cold Coffee,41,180 ml,4.6,45,4
Tea cofee and more,Boost Chocolate Malt Based Food Drink Mix | For 5+ years Kids,299,500 g,4.6,299,0
Tea cofee and more,BRU Green Label Filter Coffee,428,500 g,4.7,450,22
Tea cofee and more,Bournvita Chocolate | Cereal Based Drink Mix Pouch,262,500 g,4.7,270,8
Tea cofee and more,Brooke Bond Red Label Tea,490,1 kg,4.7,540,50
Tea cofee and more,Sleepy Owl Cold Brew Black Cold Coffee Can,180,230 g,4.8,195,15
Tea cofee and more,Organic India Tulsi Organic Green Tea,278,100 g,4.8,280,2
Tea cofee and more,Sleepy Owl Vietnamese Cold Coffee Can,144,230 g,4.4,160,16
Tea cofee and more,Organic India Tulsi Ginger Organic Herbal Tea,233,1 pack (25 pcs),4.6,245,12
Tea cofee and more,Society Natural Tea,620,1 kg,4.8,620,0
Tea cofee and more,Sleepy Owl French Vanillla Cold Coffee,99,230 ml,4.7,125,26
Tea cofee and more,Horlicks Diabetes Plus,648,400 g,4.6,790,142
Tea cofee and more,"Organic India Tulsi, Lemon and Ginger Organic Green Tea",223,1 pack (25 pcs),4.7,225,2
Tea cofee and more,Organic India Tulsi Detox Kahwa Organic Green Tea,223,1 pack (25 pcs),4.7,225,2
Tea cofee and more,Hershey's Hot Chocolate Powder,264,250 g,4.7,280,16
Tea cofee and more,Sleepy Owl Caramel latte Cold Coffee Can,99,230 ml,4.1,125,26
Tea cofee and more,Society Iced Tea Premix Lemon Black Pouch,159,1 pack (5 pcs),4.8,200,41
Tea cofee and more,"Organic India Tulsi, Ginger and Turmeric Organic Herbal Tea",233,1 pack (25 pcs),4.6,245,12
Tea cofee and more,Horlicks Junior Vanilla Flavoured Drink Mix | For 2 - 6 years Kids,345,500 g,4.5,345,0
Tea cofee and more,Horlicks Women's Plus Caramel Drink Mix,295,400 g,4.7,355,60
Tea cofee and more,Brooke Bond Red Label Tea,275,500 g,4.7,275,0
Tea cofee and more,Sleepy Owl Espresso Intense Dark Roast Instant Coffee,430,100 g,4.4,499,69
Tea cofee and more,Continental Speciale Instant Coffee - Pouch,668,180 g,4.6,749,81
Tea cofee and more,Chaayos Instant Tea Premix Combo / Masala + Elaichi + Ginger,159,12 pcs,4.8,169,10
Tea cofee and more,Sleepy Owl Classic Cold Coffee,99,230 ml,4.5,125,26
Tea cofee and more,Organic India Tulsi Organic Classic Green Tea,223,1 pack (25 pcs),4.7,225,2
Tea cofee and more,Nescafe Ready To Drink Coffee Flavoured Milk Intense Cafe Cappucino Cold Coffee,41,180 ml,4.7,45,4
Tea cofee and more,Horlicks Assorted Malt Based Food Drink Mix | For 5+ years Kids,294,500 g,4.7,294,0
Tea cofee and more,Chaayos Premium Chai Patti with 100% Natural Spices Masala Tea,129,100 g,4.7,139,10
Tea cofee and more,Tetley Lemon and Honey Green Tea,180,1 pack (25 pcs),4.7,180,0
Tea cofee and more,Society Masala Tea,325,500 g,4.7,370,45
Tea cofee and more,BRU Instant Coffee,592,200 g,4.8,740,148
Tea cofee and more,Society Iced Tea Premix Peach Apricot Black Pouch,185,1 pack (5 pcs),4.3,200,15
Tea cofee and more,Complan Kesar Badam Drink Mix | For 5+ years Kids,337,500 g,4.6,360,23
Tea cofee and more,BRU Green Label Filter Coffee,180,200 g,4.7,180,0
Tea cofee and more,Tata Tea Gold Natural Black Tea,570,1 kg,4.8,570,0
Tea cofee and more,BRU Instant Coffee,175,50 g,4.8,175,0
Tea cofee and more,ENSURE Vanilla Drink Mix,1785,950 g,4.7,1855,70
Tea cofee and more,Organic India Tulsi Honey and Lemon Organic Green Tea,223,1 pack (25 pcs),4.9,225,2
Tea cofee and more,Nescafe Cafe Style Choco Latte Cold Coffee,64,200 ml,4.6,75,11
Tea cofee and more,Avt Assam Blend Gold Cup Premium Tea,425,500 g,5,425,0
Tea cofee and more,Tetley Tulsi Immune With Added Vitamin C Green Tea,180,1 pack (25 pcs),4.6,180,0
Tea cofee and more,Sleepy Owl Assorted Premium Instant Coffee,100,10 pcs,4.7,140,40
Tea cofee and more,Nestle Nangrow Vanilla Drink Mix | For 2 - 6 years Kids,557,400 g,4.7,640,83
Tea cofee and more,Bru Cold Coffee Classic,90,230 ml,4.6,120,30
Tea cofee and more,Chaayos Strong Golden Premium Assam Black Tea,299,500 g,4.4,349,50
Tea cofee and more,Chaayos Detox Kahwa Organic Green Tea,199,4 g X 25,4.7,209,10
Tea cofee and more,Continental Strong Instant Coffee - Jar,90,50 g,4.7,180,90
Tea cofee and more,"Tata Cold Coffee Belgian Chocolate Iced Coffee, Rich & Creamy, Flavoured Milk, Can",68,180 ml,4.5,70,2
Tea cofee and more,Bru Instant Coffee Jar,160,40 g,4.6,160,0
Tea cofee and more,Tetley Beauty Care Ginger - Mint | Lemon Green Tea,185,1 pack (25 pcs),4.2,185,0
Skincare,Cetaphil Gentle Skin Cleanser,378,125 ml,4.6,429,51
Skincare,Minimalist 02% Salicylic Acid + LHA Face Cleanser,285,100 ml,4.4,299,14
Skincare,"Mamaearth Rice Face Wash With Rice Water & Niacinamide For Glass Skin | Hydrated, Even SkinTone",223,100 ml,4.6,269,46
Skincare,Cetaphil Oily Skin Cleanser,616,125 ml,4.7,699,83
Skincare,The Derma Co Sali-Cinamide Anti-Acne Face Wash with 2% Salicylic Acid & 2% Niacinamide,225,80 ml,4.5,249,24
Skincare,Cetaphil Gentle Skin Cleanser,685,250 ml,4.7,769,84
Skincare,Himalaya Purifying Neem Face Wash,224,150 ml,4.7,279,55
Skincare,Cetaphil Gentle Skin Cleanser,1512,1 L,4.2,1679,167
Skincare,The Derma Co 1% Salicylic Acid Gel Face Wash With Salicylic Acid & Witch Hazel For Active Acne,270,100 ml,4.6,299,29
Skincare,Mamaearth Ubtan Face Wash With Turmeric & Saffron For Tan Removal | Skin Brightening,223,100 ml,4.6,269,46
Skincare,Nivea Men Face Wash All In 1 Charcoal,198,100 g,4.6,285,87
Skincare,Himalaya Purifying Neem Face Wash,423,400 ml,4.7,599,176
Skincare,Dot & Key Vitamin C + E Super Bright Gel Face Wash,215,100 ml,4.4,249,34
Skincare,Mamaearth Vitamin C Face Wash,93,50 ml,4.4,99,6
Skincare,Pond's Bright Beauty Anti-Dullness Facewash With Vitamin B3,260,200 g,4.8,452,192
Skincare,The Derma Co Sali-Cinamide Anti-Acne Face Wash with 2% Salicylic Acid & 2% Niacinamide,382,150 ml,4.7,449,67
Skincare,Pond's Bright Beauty Anti-Dullness Facewash With Vitamin B3,228,150 g,4.6,359,131
Skincare,Pond's Bright Miracle Detox Facewash With 10X Power Of Charcoal,329,200 g,4.6,572,243
Skincare,Garnier Men Turbo Bright Anti-Pollution Double Action Face Wash,365,150 g,4.4,419,54
Skincare,Cetaphil Daily Exfoliating Cleanser,898,178 ml,4.4,930,32
Skincare,Cetaphil Oily Skin Cleanser,979,250 ml,4.6,1099,120
Skincare,Cetaphil Bright Healthy Radiance Brightness Reveal Creamy Cleanser,704,100 g,4.7,799,95
Skincare,"Pilgrim 1.5% Salicylic BHA & 2% Glycolic Acid AHA Foaming Face Wash for Oily & Acne Prone Skin, Unisex",259,120 g,4.7,345,86
Skincare,Tulips Refreshing Wet Wipes Cucumber & Avocado LID | 30 Pulls Per Pack,85,1 x 30 pulls,4.8,110,25
Skincare,"Sebamed Clear Face Cleansing Foam | pH 5.5 I Combats Pimples, Blackheads",659,150 ml,4.8,680,21
Skincare,Tulips Refreshing Wet Wipes Valley of Flowers LID | 30 Pulls Per Pack,85,1 x 30 pulls,4.8,110,25
Skincare,The Derma Co 2% Niacinamide Oily Skin Cleanser,263,125 ml,4.6,299,36
Skincare,Foxtale Refreshing Face Wash with Niacinamide(Tube),212,100 ml,4.8,249,37
Skincare,The Derma Co 2% Niacinamide Gentle Skin Cleanser,263,125 ml,4.5,299,36
Skincare,Foxtale 2% Salicylic Acid Face Cleanser/ Face Wash,280,100 ml,4.3,349,69
Skincare,VLCC Clinic Cellulosic Peeling Scrub,504,100 g,4.2,599,95
Skincare,Foxtale Gentle Hydrating Cleanser/ Face Wash,280,100 ml,4.8,349,69
Skincare,Biotique Papaya Tan Removal Brightening & Revitalizing Face Scrub Tube,232,100 g,4.9,299,67
Skincare,Mamaearth Ubtan Face Wash With Turmeric & Saffron For Tan Removal | Skin Brightening,322,150 ml,4.8,399,77
Skincare,Everyuth Naturals Exfoliating Walnut Scrub for Blackheads & Dead Skin Cells,273,200 g,4.3,325,52
Skincare,Mamaearth Multani Mitti Face Wash With Multani Mitti & Bulgarian Rose,212,100 ml,4.9,269,57
Skincare,Everyuth Naturals Exfoliating Walnut Scrub for Blackheads & Dead Skin Cells,180,100 g,4.6,210,30
Skincare,"Pilgrim Tea Tree purifying Gel Face Wash with 1% Salicylic Acid for Oily Skin, Acne and Pimples",188,100 ml,4.8,250,62
Skincare,Neutrogena Oil Free Acne Face Wash,697,175 ml,4.5,850,153
Skincare,Quench Exfoliating Face Wash with Cica & Korean Ginseng for Acne Control,364,100 ml,4.9,399,35
Skincare,Pond's Men Energy Bright Anti-Dullness Facewash With Coffee Bean,204,100 g,4.6,290,86
Skincare,mCaffeine Coffee & Milk Face Wash with Shea Butter & Almond Milk,184,75 ml,4.2,229,45
Skincare,Pond's Bright Miracle Detox Facewash With 10X Power Of Charcoal,255,150 g,4.6,440,185
Skincare,Lakme Blush & Glow Strawberry Freshness Gel Face Wash,216,100 g,4.7,269,53
Skincare,Simple Kind To Skin Moisturising Facial Wash,312,150 ml,4.1,420,108
Skincare,Garnier Men Acno Fight Facewash,348,150 g,3.9,399,51
Skincare,Mamaearth Vitamin C Face Wash with Vitamin C and Turmeric for Skin Illumination,200,100 ml,4.4,269,69
Skincare,Pond's Bright Beauty Spot-Less Fairness & Germ Removal Facewash,94,50 g,4.6,98,4
Skincare,Clean & Clear Foaming Face Wash,251,150 ml,4.8,285,34
Skincare,Nivea Men Dark Spot Reduction Face Wash - 10 X Vitamin C Effect,191,100 g,4.6,259,68
Skincare,Nivea Men Face Wash Deep Impact Intense Clean For Beard & Face With Black Carbon,241,100 g,4.7,275,34
Skincare,Garnier Men Oil Clear Face Wash,222,100 g,4.3,299,77
Skincare,Garnier Men Acno Fight 6 In 1 Pimple Clearing Face Wash Tube,222,100 g,4.5,299,77
Skincare,Nivea Men All In One Face Wash Pump,264,150 ml,3.9,399,135
Skincare,Neutrogena Deep Clean Foaming Cleanser,318,100 g,4.7,345,27
Skincare,Lacto Calamine Facewash With Kaolin Clay And Niacinamide For Oily Skin,97,100 ml,4.5,120,23
Skincare,Lakme Perfect Radiance Brightening Facewash With Niacinamide For Glowing Skin,140,50 g,4.3,175,35
Skincare,Clean & Clear Morning Energy Berry Face Wash,196,100 ml,4.9,215,19
Skincare,Everyuth Naturals Purifying Neem Face Wash,113,150 g,4.6,225,112
Skincare,Ultra Gentle Foaming Cleanser,514,200 ml,4.8,600,86
Skincare,Glow & Lovely Insta Glow Multivitamins Face Wash - For Bright Skin,82,50 g,4.4,85,3
Skincare,Ultra Gentle Creamy Cleanser,513,200 ml,4.9,600,87
Skincare,"NIVEA Luminous Even Glow Face wash | Oil free formula, AHA, Aloe vera, Guarana Extract | Deep clean",186,100 ml,4.1,250,64
Skincare,Clean & Clear Morning Energy Aqua Splash Face Wash,196,100 ml,4.7,215,19
Stationery books,Parker Gift Set - (Parker Vector Special Edition Chrome Trim Roller Ball Pen) |1 Pen + 1 Key Chain,449,1 set,4.6,530,81
Stationery books,Classmate Pens Color Burst,88,1 pack (10 pcs),4.6,100,12
Stationery books,Luxor OHP Marker with Extra Fine Tip Pack of 5 Colours,87,1 pack (5 pcs),4.6,100,13
Stationery books,Luxor Whiteboard Marker Pack of 4 ( 2 Blue + 2 black),101,1 pack (4 pcs),4.9,112,11
Stationery books,Reynolds Jiffy Gel Pen Set (5 Black Pens),29,1 pack (5 pcs),4.7,35,6
Stationery books,Reynolds Jetter Classic Ball Pen Set (3 Blue Pens For Professional),62,1 pack (3 pcs),4.5,75,13
Stationery books,Classmate Octane Ball Blister Blue,43,1 pack (5 pcs),4.7,50,7
Stationery books,Hauser Xo Gel Pen Blue Pack Of 5,45,1 pack (5 pcs),4.7,50,5
Stationery books,Classmate Octane Neon Gel Blister Blue,43,1 pack (5 pcs),4.6,50,7
Stationery books,Reynolds Aeroslim Ball Pen Set (5 Black Pens),21,1 pack (5 pcs),4.6,25,4
Stationery books,Reynolds Aeroslim Ball Pen Set (5 Red Pens),20,1 pack (5 pcs),4.6,25,5
Stationery books,Reynolds Jiffy Gel Pen Set (5 Blue Pens),29,1 pack (5 pcs),4.7,35,6
Stationery books,Reynolds Trimax Roller Ball Pen Set (1 Blue Pen),48,1 pc,4.4,60,12
Stationery books,Reynolds Brite Ball Pen Set (5 Black Pens),29,1 pack (5 pcs),4.3,35,6
Stationery books,Cello Arc Mechanical Pencil Blister - 3 MP + 3 Lead Box,67,1 set (6 pcs),4.6,75,8
Stationery books,Cello Butterflow Simply Ball pen Blue 5 pcs Pouch,45,1 pack (5 pcs),4.4,50,5
Stationery books,Classmate Octane Fountain Pen - Blue,35,1 pc,4.6,40,5
Stationery books,Hauser 4 IN 1 B/P Box,27,1 pc,4.3,30,3
Stationery books,Doms Magnetic Whiteboard Duster With 2 Whiteboard Marker,119,1 set (3 pcs),4.8,150,31
Stationery books,Pilot Hi-Techpoint V7 Roller Pen 4 Blue +1 Black - 5 Pieces,344,1 pack (5 pcs),4.9,375,31
Stationery books,Faber-Castell Text Liner Pen Assorted Set Of 5,108,1 pack (5 pcs),4.7,125,17
Stationery books,Pilot V7 Roller Pen (Black) 1 Piece,69,1 pc,4.5,75,6
Stationery books,Luxor Schneider Lx Max Roller Ball Pen Needle Tip ( Blue + Black),98,1 pack (2 pcs),4.5,120,22
Stationery books,Luxor Schneider Lx Max Roller Ball Pen Needle Tip Blue,98,1 pack (2 pcs),4.7,120,22
Stationery books,Pilot Hi-Techpoint 05 Roller Pen (Blue) 1 Piece,48,1 pc,4.3,50,2
Stationery books,Doms Superio Pencil 10 Pcs Tin Pack,121,1 pack (10 pcs),4.8,125,4
Stationery books,Doms Refilo Whiteboard Marker Pen Black,25,1 pc,4.9,25,0
Stationery books,Nataraj 621 Writing Pencil 10 Pcs,45,1 pack (10 pcs),4.7,50,5
Stationery books,Doms X1 Pencil,58,1 pack (10 pcs),4.7,60,2
Stationery books,"Apsara Platinum kit ( 2 Apsara Platinum Pencils, 1 Long Point Sharpener, 1 Non-Dust Eraser,1 Scale)",23,1 pack,4.8,25,2
Stationery books,"Nataraj Gelix Gel Pen, Japaness Waterproof ink, Clear & smooth writing Pack of 5",23,1 pack (5 pcs),4.5,25,2
Stationery books,"Linc Signetta Ball Pens, 0.7 mm Tip, Blue Ink",142,1 pack (10 pcs),4.1,150,8
Stationery books,"Uniball Shalaku M5-228 0.5 mm Mechanical Pencil, Multicolour Body",53,1 pc,4.2,60,7
Stationery books,Reynolds Vista Retractable Ball Pen Set (5 Blue Pens),29,1 pack (5 pcs),4.6,35,6
Stationery books,Reynolds Aeroslim Ball Pen Set (5 Blue Pens),21,1 pack (5 pcs),4.4,25,4
Stationery books,Cello Mood Blue Gel Pen (Pack of 5),45,1 pack (5 pcs),4.7,50,5
Stationery books,Cello Gripper Ball Pen - Blue,43,1 pack (5 pcs),4.9,50,7
Stationery books,Cello Mood Blue Ball Pen (Pack of 5),45,1 pack (5 pcs),4.6,50,5
Stationery books,Kores Delite Plus Pencils | Packet Of 10 Pencils,43,1 set,4.3,50,7
Stationery books,"Uniball Eye UB157 0.7 mm Roller Ball Pens, Blue Ink",71,1 pc,4.8,80,9
Stationery books,Pilot V7 Roller Pen (Blue) 1 Unit,72,1 pc,4.2,75,3
Stationery books,Apsara Platinum Extra Dark Pencil,54,1 pack (10 pcs),4.8,60,6
Stationery books,"Uniball Air Roller Ball Pen, UBA 188 L, 0.5 mm Tip, Blue Ink",89,1 pc,4.6,100,11
Stationery books,"Uniball Eye UB157 0.7 mm Roller Ball Pens, Black Ink",71,1 pc,4.9,80,9
Stationery books,Pilot V5 Roller Pen (Blue) 1 Unit,69,1 pc,4.5,75,6
Stationery books,"Pilot Frixion 0.7Mm Fine Point Roller Ball Pen ,Blue Ink, - 1 Pcs",92,1 pc,4.3,100,8
Stationery books,"Pentonic B RT Ball Pens, Blue Ink",55,3 pcs,4.7,60,5
Stationery books,Doms Neon Pencil,56,1 pack (10 pcs),4.7,60,4
Stationery books,Apsara Matt Magic Pencil,63,10 pcs,4.8,70,7
Stationery books,Cello Fine Grip Ball Pen Blue,32,1 pack ( 5 pcs),4.5,35,3
Stationery books,Hauser Xo Ball Pen Blue Pack Of 5,45,1 pack (5 pcs),4.7,50,5
Stationery books,Reynolds Aeroslim Ball Pen Set (25 Pens - 15 Blue Pens; 5 Black Pens; 5 Red Pens),102,1 pack (25 pcs),4.3,125,23
Stationery books,Hauser Xo Ball Pen Black Pack Of 5,45,1 pack (5 pcs),4.6,50,5
Stationery books,Flair Move Gel Pen Pack of 5,43,1 pack (5 pcs),4.7,50,7
Stationery books,Reynolds Brite Ball Pen Set (5 Blue Pens),29,1 pack (5 pcs),4.6,35,6
Paan corners,Slimjim Skins ORIGINAL King Size + tips,109,1 pack (32 pcs),4.6,120,11
Paan corners,Slimjim Natural King Size Papers Tips,112,1 pack (32 pcs),4.9,120,8
Paan corners,Slimjim Skins ORIGINAL King Size,64,1 pack (2 pcs),4.4,70,6
Paan corners,Stash-Pro Magnetic Pocket Pack With Crushing Tray (64 Roaches + 32 Rolling Papers),210,1 set,4.8,222,12
Paan corners,Stash-Pro Ripper Tipper Brown Rolling Paper (Small) By Stash Pro,114,1 set (80 pcs),4.2,120,6
Paan corners,Bongchie Mozo With Filter Natural 32 Leaves & 32 Filters,70,1 pack (32 pcs),4.5,90,20
Paan corners,Bongchie Double 64 Leaves & 64 Filters,179,1 pack (64 pcs),4.6,220,41
Paan corners,Stash-Pro Rippertipper - White (32 Roaches + 32 Rolling Papers),95,1 pack (64 pcs),4.7,100,5
Paan corners,LIT Glassy Wrap Rolling Paper,252,1 pack (50 pcs),4.6,300,48
Paan corners,LIT White Rolling Tray with Free 2 Thins Cone,121,1 pack,4.9,135,14
Paan corners,Stash-Pro White 32 Premium Rolling Papers,48,1 pc,4.3,50,2
Paan corners,Stash-Pro Premium Roach Book,48,1 pack (32 pcs),4.4,50,2
Paan corners,Stash-Pro Rolling Paper - Pink (32 Papers),67,1 pack (32 pcs),4.2,70,3
Paan corners,Stash-Pro Emergency Supply Brown,94,1 pc,4.4,99,5
Paan corners,Bongchie Thrice A Day Natural 3 Leaves & 3 Filters,70,1 pack (3 pcs),4,90,20
Paan corners,Lit Pro Brown Rolling Paper Tray With Free 2 Thins Cone - Lit(Box),121,1 pack (33 pcs),4.7,135,14
Paan corners,Slimjim 7mm Carbon Filter - Splash (Pack OF 10),200,1 pack,4,200,0
Paan corners,Slimjim Original Roach Pad,47,1 pc,4.9,50,3
Paan corners,LIT 420 Double Booklet Rolling Paper and Tips| Double Booklet,168,1 pack (66 pcs),4.8,200,32
Paan corners,Lets Vybe Rolling Paper 33 Units Rolling Paper & Roaches,180,1 pack (33 pcs),4.5,180,0
Paan corners,Stash-Pro Brown Ripper Tipper 32 Roach 32 Paper,114,1 pc,4.6,120,6
Paan corners,Raw Perforated Wide Tips/Roach Pad - 50 Leaves/Pack,50,1 pack (50 pcs),4.4,50,0
Paan corners,Raw Classic Rolling Paper King Size Slim - 32 Leaves/Pack,80,1 pack (32 pcs),4.6,80,0
Paan corners,Stash-Pro Emergency Supply White,94,1 pc,4.4,99,5
